mot_cle_id,libelle
1,5S
2,ABC
3,ADR
4,AFGSU
5,C15
6,CACES
7,CDC
8,CDU
9,CMR
10,CRM
11,CT
12,DAB
13,DELTA
14,DUERP
15,EPI
16,ERP
17,Excel
18,FIFO
19,GMAO
20,ICPE
21,IRP
22,ISO
23,KPI
24,OEA
25,P&L
26,PDA
27,POD
28,RH
29,ROI
30,RSE
31,S&OP
32,SAP
33,SH
34,SI
35,SLA
36,TCO
37,TMD
38,TMS
39,VBA
40,WMS
41,achats
42,adaptabilité
43,affrètement
44,aléas
45,analyse
46,anglais
47,animation
48,anticipation
49,appel d soutenance
50,arrimage
51,astreinte
52,audit
53,autonomie
54,brancardage
55,briefing
56,bruit
57,bureau
58,cadence
59,calage
60,calme
61,capacité
62,change
63,chargement
64,client
65,coactivité
66,commercial
67,communication
68,compétences
69,concentration
70,conduite
71,conformité
72,confort
73,consignation
74,consommation
75,contentieux
76,contrat
77,contrôle
78,convoyage
79,coordination
80,cotation
81,coûts
82,crise
83,cross-docking
84,data
85,design
86,diagnostic
87,dimensionnement
88,diplomatie
89,discrétion
90,disponibilité
91,douane
92,droit
93,délai
94,déplacement
95,déplacements
96,développement
97,eCMR
98,eco-conduite
99,emballage
100,empathie
101,encaissement
102,endurance
103,entrepreneurial
104,entrepôt
105,ergonomie
106,escale
107,exemplarité
108,exploitation
109,fatigue
110,fatigue visuelle
111,fermeté
112,fidélisation
113,filmage
114,finance
115,fleet
116,flotte
117,flux
118,force
119,forecast
120,fragile
121,freins
122,gabarit
123,gerbage
124,gouvernance
125,hauteur
126,horaires
127,humanitaire
128,hydraulique
129,hygiène
130,implantation
131,incoterms
132,intégrité
133,inventaire
134,itinéraire
135,kaizen
136,leadership
137,lean
138,maintenance
139,maintenance 1er niveau
140,maintenance N1
141,maintenance navale
142,management
143,manœuvres
144,marche
145,marge
146,maritime
147,montage
148,méthode
149,navigation fluviale
150,négociation
151,opérations
152,outillage
153,packing
154,palettisation
155,paramétrage WMS
156,persuasion
157,picking
158,pilotage
159,pièces
160,planification
161,planning
162,pneumatique
163,port
164,port de charges
165,posture
166,postures
167,pricing
168,priorités
169,processus
170,procédure
171,profitabilité
172,project
173,prospection
174,prudence
175,préparation
176,pédagogie
177,qualité
178,raisonnement
179,recommandation
180,relation client
181,rentabilité
182,replanif
183,rigueur
184,risque
185,risques
186,routine
187,routing
188,réactivité
189,réappro
190,réclamation
191,réseau
192,résilience
193,s&op
194,scan
195,service client
196,simulation
197,social
198,soin
199,sous-traitance
200,spot
201,stakeholders
202,stats
203,stock
204,stock de sécurité
205,stratégie
206,stress
207,supervision
208,surface
209,système D
210,sécurité
211,sédentarité
212,sûreté
213,tachy
214,tarifaire
215,terrain
216,timing
217,tracking
218,transmission
219,transpalette
220,transversal
221,traçabilité
222,tri
223,urbain
224,urgence
225,veille
226,vigilance
227,vision
228,voice picking
229,zéro défaut
230,écarts
231,écoute
232,électronique
233,équipe
234,étiquetage
