norme_id,libelle
1,5S/Lean (bases)
2,AFGSU
3,Autorités portuaires
4,Bonnes pratiques arrimage
5,CDU
6,Cadre social
7,Charte relation client
8,Charte service
9,Code route
10,Code route + règles locales
11,Code route + règles urgence
12,Consignes sécurité
13,Contraintes SLA
14,Contrôle de gestion
15,Contrôle de gestion (bases)
16,Convention CMR
17,Culture sécurité
18,DELTA/OEA
19,DUERP
20,Droit commercial (bases)
21,Droit du travail
22,Droit du travail (bases)
23,Déontologie
24,Ergonomie
25,FIFO/ABC
26,Finance (bases)
27,Gestion budgétaire
28,Gestion de projet
29,Gouvernance S&OP
30,ICPE (sensibilisation)
31,ISO
32,Incoterms
33,Incoterms (bases)
34,Lean
35,Lean (bases)
36,Normes constructeur
37,OEA
38,Procédure interne
39,Procédures
40,Procédures ONG (sensibilisation)
41,Procédures WMS
42,Procédures achats
43,Procédures atelier
44,Procédures entreprise
45,Procédures hygiène
46,Procédures internes
47,Procédures inventaire
48,Procédures maintenance
49,Procédures qualité
50,Procédures sécurité
51,Procédures sûreté
52,Procédures traçabilité
53,Protocoles SAMU
54,Prévention RPS
55,Prévention TMS
56,Prévention fatigue
57,Prévention risques
58,Prévention risques routiers
59,Prévention santé
60,Qualité
61,RSE
62,Règlement navigation
63,Règles navigation
64,Règles portuaires
65,Règles quai
66,Règles sécurité
67,Règles sécurité site
68,Règles sûreté
69,Réglementation
70,Réglementations
71,S&OP
72,SLA
73,Secret professionnel
74,Standards humanitaires (sensibilisation)
75,Sécurité
76,Sécurité EPI
77,Sécurité au travail
78,Sécurité entrepôt
79,Sécurité manutention
80,Sécurité routière
81,Sécurité site
82,TARIC (principes)
83,TMD/ADR (principes)
84,Traçabilité
85,Éthique
